<?xml version="1.0" encoding="UTF-8"?>
<root>
  <item name="com.xuexiang.xui.utils.SpanUtils com.xuexiang.xui.utils.SpanUtils appendImage(android.graphics.Bitmap, int) 1">
    <annotation name="androidx.annotation.IntDef">
      <val name="value" val="{com.xuexiang.xui.utils.SpanUtils.ALIGN_BOTTOM, com.xuexiang.xui.utils.SpanUtils.ALIGN_BASELINE, com.xuexiang.xui.utils.SpanUtils.ALIGN_CENTER, com.xuexiang.xui.utils.SpanUtils.ALIGN_TOP}" />
    </annotation>
  </item>
  <item name="com.xuexiang.xui.utils.SpanUtils com.xuexiang.xui.utils.SpanUtils appendImage(android.graphics.drawable.Drawable, int) 1">
    <annotation name="androidx.annotation.IntDef">
      <val name="value" val="{com.xuexiang.xui.utils.SpanUtils.ALIGN_BOTTOM, com.xuexiang.xui.utils.SpanUtils.ALIGN_BASELINE, com.xuexiang.xui.utils.SpanUtils.ALIGN_CENTER, com.xuexiang.xui.utils.SpanUtils.ALIGN_TOP}" />
    </annotation>
  </item>
  <item name="com.xuexiang.xui.utils.SpanUtils com.xuexiang.xui.utils.SpanUtils appendImage(android.net.Uri, int) 1">
    <annotation name="androidx.annotation.IntDef">
      <val name="value" val="{com.xuexiang.xui.utils.SpanUtils.ALIGN_BOTTOM, com.xuexiang.xui.utils.SpanUtils.ALIGN_BASELINE, com.xuexiang.xui.utils.SpanUtils.ALIGN_CENTER, com.xuexiang.xui.utils.SpanUtils.ALIGN_TOP}" />
    </annotation>
  </item>
  <item name="com.xuexiang.xui.utils.SpanUtils com.xuexiang.xui.utils.SpanUtils appendImage(int, int) 1">
    <annotation name="androidx.annotation.IntDef">
      <val name="value" val="{com.xuexiang.xui.utils.SpanUtils.ALIGN_BOTTOM, com.xuexiang.xui.utils.SpanUtils.ALIGN_BASELINE, com.xuexiang.xui.utils.SpanUtils.ALIGN_CENTER, com.xuexiang.xui.utils.SpanUtils.ALIGN_TOP}" />
    </annotation>
  </item>
  <item name="com.xuexiang.xui.utils.SpanUtils com.xuexiang.xui.utils.SpanUtils setIconMargin(android.graphics.Bitmap, int, int) 2">
    <annotation name="androidx.annotation.IntDef">
      <val name="value" val="{com.xuexiang.xui.utils.SpanUtils.ALIGN_BOTTOM, com.xuexiang.xui.utils.SpanUtils.ALIGN_BASELINE, com.xuexiang.xui.utils.SpanUtils.ALIGN_CENTER, com.xuexiang.xui.utils.SpanUtils.ALIGN_TOP}" />
    </annotation>
  </item>
  <item name="com.xuexiang.xui.utils.SpanUtils com.xuexiang.xui.utils.SpanUtils setIconMargin(android.graphics.drawable.Drawable, int, int) 2">
    <annotation name="androidx.annotation.IntDef">
      <val name="value" val="{com.xuexiang.xui.utils.SpanUtils.ALIGN_BOTTOM, com.xuexiang.xui.utils.SpanUtils.ALIGN_BASELINE, com.xuexiang.xui.utils.SpanUtils.ALIGN_CENTER, com.xuexiang.xui.utils.SpanUtils.ALIGN_TOP}" />
    </annotation>
  </item>
  <item name="com.xuexiang.xui.utils.SpanUtils com.xuexiang.xui.utils.SpanUtils setIconMargin(android.net.Uri, int, int) 2">
    <annotation name="androidx.annotation.IntDef">
      <val name="value" val="{com.xuexiang.xui.utils.SpanUtils.ALIGN_BOTTOM, com.xuexiang.xui.utils.SpanUtils.ALIGN_BASELINE, com.xuexiang.xui.utils.SpanUtils.ALIGN_CENTER, com.xuexiang.xui.utils.SpanUtils.ALIGN_TOP}" />
    </annotation>
  </item>
  <item name="com.xuexiang.xui.utils.SpanUtils com.xuexiang.xui.utils.SpanUtils setIconMargin(int, int, int) 2">
    <annotation name="androidx.annotation.IntDef">
      <val name="value" val="{com.xuexiang.xui.utils.SpanUtils.ALIGN_BOTTOM, com.xuexiang.xui.utils.SpanUtils.ALIGN_BASELINE, com.xuexiang.xui.utils.SpanUtils.ALIGN_CENTER, com.xuexiang.xui.utils.SpanUtils.ALIGN_TOP}" />
    </annotation>
  </item>
  <item name="com.xuexiang.xui.utils.SpanUtils com.xuexiang.xui.utils.SpanUtils setLineHeight(int, int) 1">
    <annotation name="androidx.annotation.IntDef">
      <val name="value" val="{com.xuexiang.xui.utils.SpanUtils.ALIGN_BOTTOM, com.xuexiang.xui.utils.SpanUtils.ALIGN_BASELINE, com.xuexiang.xui.utils.SpanUtils.ALIGN_CENTER, com.xuexiang.xui.utils.SpanUtils.ALIGN_TOP}" />
    </annotation>
  </item>
  <item name="com.xuexiang.xui.utils.SpanUtils.Align">
    <annotation name="androidx.annotation.IntDef">
      <val name="value" val="{com.xuexiang.xui.utils.SpanUtils.ALIGN_BOTTOM, com.xuexiang.xui.utils.SpanUtils.ALIGN_BASELINE, com.xuexiang.xui.utils.SpanUtils.ALIGN_CENTER, com.xuexiang.xui.utils.SpanUtils.ALIGN_TOP}" />
    </annotation>
  </item>
  <item name="com.xuexiang.xui.utils.StatusBarUtils boolean setStatusBarLightMode(android.app.Activity, int) 1">
    <annotation name="androidx.annotation.IntDef">
      <val name="value" val="{com.xuexiang.xui.utils.StatusBarUtils.STATUSBAR_TYPE_DEFAULT, com.xuexiang.xui.utils.StatusBarUtils.STATUSBAR_TYPE_MIUI, com.xuexiang.xui.utils.StatusBarUtils.STATUSBAR_TYPE_FLYME, com.xuexiang.xui.utils.StatusBarUtils.STATUSBAR_TYPE_ANDROID6}" />
    </annotation>
  </item>
  <item name="com.xuexiang.xui.utils.StatusBarUtils mStatusBarType">
    <annotation name="androidx.annotation.IntDef">
      <val name="value" val="{com.xuexiang.xui.utils.StatusBarUtils.STATUSBAR_TYPE_DEFAULT, com.xuexiang.xui.utils.StatusBarUtils.STATUSBAR_TYPE_MIUI, com.xuexiang.xui.utils.StatusBarUtils.STATUSBAR_TYPE_FLYME, com.xuexiang.xui.utils.StatusBarUtils.STATUSBAR_TYPE_ANDROID6}" />
    </annotation>
  </item>
  <item name="com.xuexiang.xui.utils.ThemeUtils void applyTheme(int) 0">
    <annotation name="androidx.annotation.IntDef">
      <val name="value" val="{com.xuexiang.xui.utils.ThemeUtils.DEFAULT_MODE, com.xuexiang.xui.utils.ThemeUtils.LIGHT_MODE, com.xuexiang.xui.utils.ThemeUtils.DARK_MODE}" />
    </annotation>
  </item>
  <item name="com.xuexiang.xui.utils.ThemeUtils.Theme">
    <annotation name="androidx.annotation.IntDef">
      <val name="value" val="{com.xuexiang.xui.utils.ThemeUtils.DEFAULT_MODE, com.xuexiang.xui.utils.ThemeUtils.LIGHT_MODE, com.xuexiang.xui.utils.ThemeUtils.DARK_MODE}" />
    </annotation>
  </item>
</root>

