<?xml version="1.0" encoding="UTF-8"?>
<root>
  <item name="com.xuexiang.xui.widget.dialog.bottomsheet.BottomSheet.BottomGridSheetBuilder com.xuexiang.xui.widget.dialog.bottomsheet.BottomSheet.BottomGridSheetBuilder addItem(android.view.View, int) 1">
    <annotation name="androidx.annotation.IntDef">
      <val name="value" val="{com.xuexiang.xui.widget.dialog.bottomsheet.BottomSheet.BottomGridSheetBuilder.FIRST_LINE, com.xuexiang.xui.widget.dialog.bottomsheet.BottomSheet.BottomGridSheetBuilder.SECOND_LINE}" />
    </annotation>
  </item>
  <item name="com.xuexiang.xui.widget.dialog.bottomsheet.BottomSheet.BottomGridSheetBuilder com.xuexiang.xui.widget.dialog.bottomsheet.BottomSheet.BottomGridSheetBuilder addItem(int, java.lang.CharSequence, int) 2">
    <annotation name="androidx.annotation.IntDef">
      <val name="value" val="{com.xuexiang.xui.widget.dialog.bottomsheet.BottomSheet.BottomGridSheetBuilder.FIRST_LINE, com.xuexiang.xui.widget.dialog.bottomsheet.BottomSheet.BottomGridSheetBuilder.SECOND_LINE}" />
    </annotation>
  </item>
  <item name="com.xuexiang.xui.widget.dialog.bottomsheet.BottomSheet.BottomGridSheetBuilder com.xuexiang.xui.widget.dialog.bottomsheet.BottomSheet.BottomGridSheetBuilder addItem(int, java.lang.CharSequence, java.lang.Object, int) 3">
    <annotation name="androidx.annotation.IntDef">
      <val name="value" val="{com.xuexiang.xui.widget.dialog.bottomsheet.BottomSheet.BottomGridSheetBuilder.FIRST_LINE, com.xuexiang.xui.widget.dialog.bottomsheet.BottomSheet.BottomGridSheetBuilder.SECOND_LINE}" />
    </annotation>
  </item>
  <item name="com.xuexiang.xui.widget.dialog.bottomsheet.BottomSheet.BottomGridSheetBuilder com.xuexiang.xui.widget.dialog.bottomsheet.BottomSheet.BottomGridSheetBuilder addItem(int, java.lang.CharSequence, java.lang.Object, int, int) 3">
    <annotation name="androidx.annotation.IntDef">
      <val name="value" val="{com.xuexiang.xui.widget.dialog.bottomsheet.BottomSheet.BottomGridSheetBuilder.FIRST_LINE, com.xuexiang.xui.widget.dialog.bottomsheet.BottomSheet.BottomGridSheetBuilder.SECOND_LINE}" />
    </annotation>
  </item>
  <item name="com.xuexiang.xui.widget.dialog.bottomsheet.BottomSheet.BottomGridSheetBuilder.Style">
    <annotation name="androidx.annotation.IntDef">
      <val name="value" val="{com.xuexiang.xui.widget.dialog.bottomsheet.BottomSheet.BottomGridSheetBuilder.FIRST_LINE, com.xuexiang.xui.widget.dialog.bottomsheet.BottomSheet.BottomGridSheetBuilder.SECOND_LINE}" />
    </annotation>
  </item>
</root>

