<?xml version="1.0" encoding="UTF-8"?>
<root>
  <item name="com.xuexiang.xui.widget.popupwindow.easypopup.EasyPopup T setHorizontalGravity(int) 0">
    <annotation name="androidx.annotation.IntDef">
      <val name="value" val="{com.xuexiang.xui.widget.popupwindow.easypopup.VerticalGravity.CENTER, com.xuexiang.xui.widget.popupwindow.easypopup.VerticalGravity.ABOVE, com.xuexiang.xui.widget.popupwindow.easypopup.VerticalGravity.BELOW, com.xuexiang.xui.widget.popupwindow.easypopup.VerticalGravity.ALIGN_TOP, com.xuexiang.xui.widget.popupwindow.easypopup.VerticalGravity.ALIGN_BOTTOM}" />
    </annotation>
  </item>
  <item name="com.xuexiang.xui.widget.popupwindow.easypopup.EasyPopup T setVerticalGravity(int) 0">
    <annotation name="androidx.annotation.IntDef">
      <val name="value" val="{com.xuexiang.xui.widget.popupwindow.easypopup.VerticalGravity.CENTER, com.xuexiang.xui.widget.popupwindow.easypopup.VerticalGravity.ABOVE, com.xuexiang.xui.widget.popupwindow.easypopup.VerticalGravity.BELOW, com.xuexiang.xui.widget.popupwindow.easypopup.VerticalGravity.ALIGN_TOP, com.xuexiang.xui.widget.popupwindow.easypopup.VerticalGravity.ALIGN_BOTTOM}" />
    </annotation>
  </item>
  <item name="com.xuexiang.xui.widget.popupwindow.easypopup.EasyPopup mHorizontalGravity">
    <annotation name="androidx.annotation.IntDef">
      <val name="value" val="{com.xuexiang.xui.widget.popupwindow.easypopup.HorizontalGravity.CENTER, com.xuexiang.xui.widget.popupwindow.easypopup.HorizontalGravity.LEFT, com.xuexiang.xui.widget.popupwindow.easypopup.HorizontalGravity.RIGHT, com.xuexiang.xui.widget.popupwindow.easypopup.HorizontalGravity.ALIGN_LEFT, com.xuexiang.xui.widget.popupwindow.easypopup.HorizontalGravity.ALIGN_RIGHT}" />
    </annotation>
  </item>
  <item name="com.xuexiang.xui.widget.popupwindow.easypopup.EasyPopup mVerticalGravity">
    <annotation name="androidx.annotation.IntDef">
      <val name="value" val="{com.xuexiang.xui.widget.popupwindow.easypopup.VerticalGravity.CENTER, com.xuexiang.xui.widget.popupwindow.easypopup.VerticalGravity.ABOVE, com.xuexiang.xui.widget.popupwindow.easypopup.VerticalGravity.BELOW, com.xuexiang.xui.widget.popupwindow.easypopup.VerticalGravity.ALIGN_TOP, com.xuexiang.xui.widget.popupwindow.easypopup.VerticalGravity.ALIGN_BOTTOM}" />
    </annotation>
  </item>
  <item name="com.xuexiang.xui.widget.popupwindow.easypopup.EasyPopup void showAtAnchorView(android.view.View, int, int) 1">
    <annotation name="androidx.annotation.IntDef">
      <val name="value" val="{com.xuexiang.xui.widget.popupwindow.easypopup.VerticalGravity.CENTER, com.xuexiang.xui.widget.popupwindow.easypopup.VerticalGravity.ABOVE, com.xuexiang.xui.widget.popupwindow.easypopup.VerticalGravity.BELOW, com.xuexiang.xui.widget.popupwindow.easypopup.VerticalGravity.ALIGN_TOP, com.xuexiang.xui.widget.popupwindow.easypopup.VerticalGravity.ALIGN_BOTTOM}" />
    </annotation>
  </item>
  <item name="com.xuexiang.xui.widget.popupwindow.easypopup.EasyPopup void showAtAnchorView(android.view.View, int, int) 2">
    <annotation name="androidx.annotation.IntDef">
      <val name="value" val="{com.xuexiang.xui.widget.popupwindow.easypopup.HorizontalGravity.CENTER, com.xuexiang.xui.widget.popupwindow.easypopup.HorizontalGravity.LEFT, com.xuexiang.xui.widget.popupwindow.easypopup.HorizontalGravity.RIGHT, com.xuexiang.xui.widget.popupwindow.easypopup.HorizontalGravity.ALIGN_LEFT, com.xuexiang.xui.widget.popupwindow.easypopup.HorizontalGravity.ALIGN_RIGHT}" />
    </annotation>
  </item>
  <item name="com.xuexiang.xui.widget.popupwindow.easypopup.EasyPopup void showAtAnchorView(android.view.View, int, int, int, int) 1">
    <annotation name="androidx.annotation.IntDef">
      <val name="value" val="{com.xuexiang.xui.widget.popupwindow.easypopup.VerticalGravity.CENTER, com.xuexiang.xui.widget.popupwindow.easypopup.VerticalGravity.ABOVE, com.xuexiang.xui.widget.popupwindow.easypopup.VerticalGravity.BELOW, com.xuexiang.xui.widget.popupwindow.easypopup.VerticalGravity.ALIGN_TOP, com.xuexiang.xui.widget.popupwindow.easypopup.VerticalGravity.ALIGN_BOTTOM}" />
    </annotation>
  </item>
  <item name="com.xuexiang.xui.widget.popupwindow.easypopup.EasyPopup void showAtAnchorView(android.view.View, int, int, int, int) 2">
    <annotation name="androidx.annotation.IntDef">
      <val name="value" val="{com.xuexiang.xui.widget.popupwindow.easypopup.HorizontalGravity.CENTER, com.xuexiang.xui.widget.popupwindow.easypopup.HorizontalGravity.LEFT, com.xuexiang.xui.widget.popupwindow.easypopup.HorizontalGravity.RIGHT, com.xuexiang.xui.widget.popupwindow.easypopup.HorizontalGravity.ALIGN_LEFT, com.xuexiang.xui.widget.popupwindow.easypopup.HorizontalGravity.ALIGN_RIGHT}" />
    </annotation>
  </item>
  <item name="com.xuexiang.xui.widget.popupwindow.easypopup.EasyPopup void updateLocation(int, int, android.view.View, int, int, int, int) 3">
    <annotation name="androidx.annotation.IntDef">
      <val name="value" val="{com.xuexiang.xui.widget.popupwindow.easypopup.VerticalGravity.CENTER, com.xuexiang.xui.widget.popupwindow.easypopup.VerticalGravity.ABOVE, com.xuexiang.xui.widget.popupwindow.easypopup.VerticalGravity.BELOW, com.xuexiang.xui.widget.popupwindow.easypopup.VerticalGravity.ALIGN_TOP, com.xuexiang.xui.widget.popupwindow.easypopup.VerticalGravity.ALIGN_BOTTOM}" />
    </annotation>
  </item>
  <item name="com.xuexiang.xui.widget.popupwindow.easypopup.EasyPopup void updateLocation(int, int, android.view.View, int, int, int, int) 4">
    <annotation name="androidx.annotation.IntDef">
      <val name="value" val="{com.xuexiang.xui.widget.popupwindow.easypopup.HorizontalGravity.CENTER, com.xuexiang.xui.widget.popupwindow.easypopup.HorizontalGravity.LEFT, com.xuexiang.xui.widget.popupwindow.easypopup.HorizontalGravity.RIGHT, com.xuexiang.xui.widget.popupwindow.easypopup.HorizontalGravity.ALIGN_LEFT, com.xuexiang.xui.widget.popupwindow.easypopup.HorizontalGravity.ALIGN_RIGHT}" />
    </annotation>
  </item>
  <item name="com.xuexiang.xui.widget.popupwindow.easypopup.HorizontalGravity">
    <annotation name="androidx.annotation.IntDef">
      <val name="value" val="{com.xuexiang.xui.widget.popupwindow.easypopup.HorizontalGravity.CENTER, com.xuexiang.xui.widget.popupwindow.easypopup.HorizontalGravity.LEFT, com.xuexiang.xui.widget.popupwindow.easypopup.HorizontalGravity.RIGHT, com.xuexiang.xui.widget.popupwindow.easypopup.HorizontalGravity.ALIGN_LEFT, com.xuexiang.xui.widget.popupwindow.easypopup.HorizontalGravity.ALIGN_RIGHT}" />
    </annotation>
  </item>
  <item name="com.xuexiang.xui.widget.popupwindow.easypopup.VerticalGravity">
    <annotation name="androidx.annotation.IntDef">
      <val name="value" val="{com.xuexiang.xui.widget.popupwindow.easypopup.VerticalGravity.CENTER, com.xuexiang.xui.widget.popupwindow.easypopup.VerticalGravity.ABOVE, com.xuexiang.xui.widget.popupwindow.easypopup.VerticalGravity.BELOW, com.xuexiang.xui.widget.popupwindow.easypopup.VerticalGravity.ALIGN_TOP, com.xuexiang.xui.widget.popupwindow.easypopup.VerticalGravity.ALIGN_BOTTOM}" />
    </annotation>
  </item>
</root>

