<?xml version="1.0" encoding="UTF-8"?>
<root>
  <item name="com.xuexiang.xui.widget.grouplist.XUICommonListItemView mAccessoryType">
    <annotation name="androidx.annotation.IntDef">
      <val name="value" val="{com.xuexiang.xui.widget.grouplist.XUICommonListItemView.ACCESSORY_TYPE_NONE, com.xuexiang.xui.widget.grouplist.XUICommonListItemView.ACCESSORY_TYPE_CHEVRON, com.xuexiang.xui.widget.grouplist.XUICommonListItemView.ACCESSORY_TYPE_SWITCH, com.xuexiang.xui.widget.grouplist.XUICommonListItemView.ACCESSORY_TYPE_CUSTOM}" />
    </annotation>
  </item>
  <item name="com.xuexiang.xui.widget.grouplist.XUICommonListItemView mRedDotPosition">
    <annotation name="androidx.annotation.IntDef">
      <val name="value" val="{com.xuexiang.xui.widget.grouplist.XUICommonListItemView.RED_DOT_POSITION_LEFT, com.xuexiang.xui.widget.grouplist.XUICommonListItemView.RED_DOT_POSITION_RIGHT}" />
    </annotation>
  </item>
  <item name="com.xuexiang.xui.widget.grouplist.XUICommonListItemView void setAccessoryType(int) 0">
    <annotation name="androidx.annotation.IntDef">
      <val name="value" val="{com.xuexiang.xui.widget.grouplist.XUICommonListItemView.ACCESSORY_TYPE_NONE, com.xuexiang.xui.widget.grouplist.XUICommonListItemView.ACCESSORY_TYPE_CHEVRON, com.xuexiang.xui.widget.grouplist.XUICommonListItemView.ACCESSORY_TYPE_SWITCH, com.xuexiang.xui.widget.grouplist.XUICommonListItemView.ACCESSORY_TYPE_CUSTOM}" />
    </annotation>
  </item>
  <item name="com.xuexiang.xui.widget.grouplist.XUICommonListItemView void setOrientation(int) 0">
    <annotation name="androidx.annotation.IntDef">
      <val name="value" val="{com.xuexiang.xui.widget.grouplist.XUICommonListItemView.VERTICAL, com.xuexiang.xui.widget.grouplist.XUICommonListItemView.HORIZONTAL}" />
    </annotation>
  </item>
  <item name="com.xuexiang.xui.widget.grouplist.XUICommonListItemView void setRedDotPosition(int) 0">
    <annotation name="androidx.annotation.IntDef">
      <val name="value" val="{com.xuexiang.xui.widget.grouplist.XUICommonListItemView.RED_DOT_POSITION_LEFT, com.xuexiang.xui.widget.grouplist.XUICommonListItemView.RED_DOT_POSITION_RIGHT}" />
    </annotation>
  </item>
  <item name="com.xuexiang.xui.widget.grouplist.XUICommonListItemView.XUICommonListItemAccessoryType">
    <annotation name="androidx.annotation.IntDef">
      <val name="value" val="{com.xuexiang.xui.widget.grouplist.XUICommonListItemView.ACCESSORY_TYPE_NONE, com.xuexiang.xui.widget.grouplist.XUICommonListItemView.ACCESSORY_TYPE_CHEVRON, com.xuexiang.xui.widget.grouplist.XUICommonListItemView.ACCESSORY_TYPE_SWITCH, com.xuexiang.xui.widget.grouplist.XUICommonListItemView.ACCESSORY_TYPE_CUSTOM}" />
    </annotation>
  </item>
  <item name="com.xuexiang.xui.widget.grouplist.XUICommonListItemView.XUICommonListItemOrientation">
    <annotation name="androidx.annotation.IntDef">
      <val name="value" val="{com.xuexiang.xui.widget.grouplist.XUICommonListItemView.VERTICAL, com.xuexiang.xui.widget.grouplist.XUICommonListItemView.HORIZONTAL}" />
    </annotation>
  </item>
  <item name="com.xuexiang.xui.widget.grouplist.XUICommonListItemView.XUICommonListItemRedDotPosition">
    <annotation name="androidx.annotation.IntDef">
      <val name="value" val="{com.xuexiang.xui.widget.grouplist.XUICommonListItemView.RED_DOT_POSITION_LEFT, com.xuexiang.xui.widget.grouplist.XUICommonListItemView.RED_DOT_POSITION_RIGHT}" />
    </annotation>
  </item>
  <item name="com.xuexiang.xui.widget.grouplist.XUIGroupListView int getSeparatorStyle()">
    <annotation name="androidx.annotation.IntDef">
      <val name="value" val="{com.xuexiang.xui.widget.grouplist.XUIGroupListView.SEPARATOR_STYLE_NORMAL, com.xuexiang.xui.widget.grouplist.XUIGroupListView.SEPARATOR_STYLE_NONE}" />
    </annotation>
  </item>
  <item name="com.xuexiang.xui.widget.grouplist.XUIGroupListView void setSeparatorStyle(int) 0">
    <annotation name="androidx.annotation.IntDef">
      <val name="value" val="{com.xuexiang.xui.widget.grouplist.XUIGroupListView.SEPARATOR_STYLE_NORMAL, com.xuexiang.xui.widget.grouplist.XUIGroupListView.SEPARATOR_STYLE_NONE}" />
    </annotation>
  </item>
  <item name="com.xuexiang.xui.widget.grouplist.XUIGroupListView.SeparatorStyle">
    <annotation name="androidx.annotation.IntDef">
      <val name="value" val="{com.xuexiang.xui.widget.grouplist.XUIGroupListView.SEPARATOR_STYLE_NORMAL, com.xuexiang.xui.widget.grouplist.XUIGroupListView.SEPARATOR_STYLE_NONE}" />
    </annotation>
  </item>
</root>

