<?xml version="1.0" encoding="UTF-8"?>
<root>
  <item name="com.xuexiang.xui.widget.progress.CircleProgressView void setAnimateType(int) 0">
    <annotation name="androidx.annotation.IntDef">
      <val name="value" val="{com.xuexiang.xui.widget.progress.CircleProgressView.ACCELERATE_DECELERATE_INTERPOLATOR, com.xuexiang.xui.widget.progress.CircleProgressView.LINEAR_INTERPOLATOR, com.xuexiang.xui.widget.progress.CircleProgressView.ACCELERATE_INTERPOLATOR, com.xuexiang.xui.widget.progress.CircleProgressView.DECELERATE_INTERPOLATOR, com.xuexiang.xui.widget.progress.CircleProgressView.OVERSHOOT_INTERPOLATOR}" />
    </annotation>
  </item>
  <item name="com.xuexiang.xui.widget.progress.HorizontalProgressView void setAnimateType(int) 0">
    <annotation name="androidx.annotation.IntDef">
      <val name="value" val="{com.xuexiang.xui.widget.progress.HorizontalProgressView.ACCELERATE_DECELERATE_INTERPOLATOR, com.xuexiang.xui.widget.progress.HorizontalProgressView.LINEAR_INTERPOLATOR, com.xuexiang.xui.widget.progress.HorizontalProgressView.ACCELERATE_INTERPOLATOR, com.xuexiang.xui.widget.progress.HorizontalProgressView.DECELERATE_INTERPOLATOR, com.xuexiang.xui.widget.progress.HorizontalProgressView.OVERSHOOT_INTERPOLATOR}" />
    </annotation>
  </item>
</root>

