<?xml version="1.0" encoding="UTF-8"?>
<root>
  <item name="com.xuexiang.xui.widget.edittext.materialedittext.MaterialEditText com.xuexiang.xui.widget.edittext.materialedittext.MaterialEditText setFloatingLabel(int) 0">
    <annotation name="androidx.annotation.IntDef">
      <val name="value" val="{com.xuexiang.xui.widget.edittext.materialedittext.MaterialEditText.FLOATING_LABEL_NONE, com.xuexiang.xui.widget.edittext.materialedittext.MaterialEditText.FLOATING_LABEL_NORMAL, com.xuexiang.xui.widget.edittext.materialedittext.MaterialEditText.FLOATING_LABEL_HIGHLIGHT}" />
    </annotation>
  </item>
  <item name="com.xuexiang.xui.widget.edittext.materialedittext.MaterialEditText.FloatingLabelType">
    <annotation name="androidx.annotation.IntDef">
      <val name="value" val="{com.xuexiang.xui.widget.edittext.materialedittext.MaterialEditText.FLOATING_LABEL_NONE, com.xuexiang.xui.widget.edittext.materialedittext.MaterialEditText.FLOATING_LABEL_NORMAL, com.xuexiang.xui.widget.edittext.materialedittext.MaterialEditText.FLOATING_LABEL_HIGHLIGHT}" />
    </annotation>
  </item>
</root>

