<?xml version="1.0" encoding="UTF-8"?>
<root>
  <item name="com.xuexiang.xui.widget.tabbar.TabSegment mDefaultTabIconPosition">
    <annotation name="androidx.annotation.IntDef">
      <val name="value" val="{com.xuexiang.xui.widget.tabbar.TabSegment.ICON_POSITION_LEFT, com.xuexiang.xui.widget.tabbar.TabSegment.ICON_POSITION_TOP, com.xuexiang.xui.widget.tabbar.TabSegment.ICON_POSITION_RIGHT, com.xuexiang.xui.widget.tabbar.TabSegment.ICON_POSITION_BOTTOM}" />
    </annotation>
  </item>
  <item name="com.xuexiang.xui.widget.tabbar.TabSegment mMode">
    <annotation name="androidx.annotation.IntDef">
      <val name="value" val="{com.xuexiang.xui.widget.tabbar.TabSegment.MODE_SCROLLABLE, com.xuexiang.xui.widget.tabbar.TabSegment.MODE_FIXED}" />
    </annotation>
  </item>
  <item name="com.xuexiang.xui.widget.tabbar.TabSegment void setDefaultTabIconPosition(int) 0">
    <annotation name="androidx.annotation.IntDef">
      <val name="value" val="{com.xuexiang.xui.widget.tabbar.TabSegment.ICON_POSITION_LEFT, com.xuexiang.xui.widget.tabbar.TabSegment.ICON_POSITION_TOP, com.xuexiang.xui.widget.tabbar.TabSegment.ICON_POSITION_RIGHT, com.xuexiang.xui.widget.tabbar.TabSegment.ICON_POSITION_BOTTOM}" />
    </annotation>
  </item>
  <item name="com.xuexiang.xui.widget.tabbar.TabSegment void setMode(int) 0">
    <annotation name="androidx.annotation.IntDef">
      <val name="value" val="{com.xuexiang.xui.widget.tabbar.TabSegment.MODE_SCROLLABLE, com.xuexiang.xui.widget.tabbar.TabSegment.MODE_FIXED}" />
    </annotation>
  </item>
  <item name="com.xuexiang.xui.widget.tabbar.TabSegment.IconPosition">
    <annotation name="androidx.annotation.IntDef">
      <val name="value" val="{com.xuexiang.xui.widget.tabbar.TabSegment.ICON_POSITION_LEFT, com.xuexiang.xui.widget.tabbar.TabSegment.ICON_POSITION_TOP, com.xuexiang.xui.widget.tabbar.TabSegment.ICON_POSITION_RIGHT, com.xuexiang.xui.widget.tabbar.TabSegment.ICON_POSITION_BOTTOM}" />
    </annotation>
  </item>
  <item name="com.xuexiang.xui.widget.tabbar.TabSegment.Mode">
    <annotation name="androidx.annotation.IntDef">
      <val name="value" val="{com.xuexiang.xui.widget.tabbar.TabSegment.MODE_SCROLLABLE, com.xuexiang.xui.widget.tabbar.TabSegment.MODE_FIXED}" />
    </annotation>
  </item>
</root>

